{
  "warps": {
    "Earth": {
      "cost": -1.0,
      "world": "7dda030f-b57a-4816-a1a2-75448429d419",
      "rotx": 4.350001811981201,
      "rotz": 0.0,
      "roty": -167.0999755859375,
      "x": 152.7397848478362,
      "y": 78.0,
      "z": 120.13687057882049
    },
    "Eden": {
      "cost": -1.0,
      "world": "c1b90f49-6e8b-4b50-9237-e9b674c4c5a8",
      "rotx": -2.8499789237976074,
      "rotz": 0.0,
      "roty": -180.90081787109375,
      "x": 218.5,
      "y": 83.0,
      "z": 737.5
    },
    "Dev": {
      "cost": -1.0,
      "world": "97584ccc-d61d-42d7-8b11-1d68ceb81bb3",
      "rotx": 12.750070571899414,
      "rotz": 0.0,
      "roty": 191.40243530273438,
      "x": 1903.5,
      "y": 4.0,
      "z": 606.5
    }
  },
  "jails": {},
  "warpCategories": {},
  "firstspawn": {
    "world": "7dfbad7a-abcf-498d-8cf6-37f2d3ef4655",
    "rotx": -11.250157356262207,
    "rotz": 0.0,
    "roty": -64.2012939453125,
    "x": 1161.403345019037,
    "y": 72.0,
    "z": -2554.048560764543
  }
}
