{
  "warps": {
    "Dungeon": {
      "cost": -1,
      "world": "aa4164a7-96d4-42cc-aa51-0d1a0178d400",
      "rotx": 1.507582426071167,
      "rotz": 0,
      "roty": 179.37387084960938,
      "x": -89.49715844122666,
      "description": {
        "text": "Market Trial Dugeon, Get your Market Access Here"
      },
      "y": 4,
      "z": -995.3679855679476
    },
    "Spawn": {
      "cost": 0,
      "world": "cc59a2ae-54f2-4060-8608-7eb7e5f34754",
      "rotx": 13.289759635925293,
      "rotz": 0,
      "roty": -89.91020202636719,
      "x": 9.5535605871551,
      "description": {
        "text": "Main Spawn Location for all Players"
      },
      "y": 92,
      "z": -116.47825864050981
    },
    "Delta": {
      "cost": -1,
      "world": "881663d7-fc21-46f3-a96f-7aa2e3b8d63c",
      "rotx": 0,
      "rotz": 0,
      "roty": 0,
      "x": 0,
      "description": {
        "text": "Dark Skylands"
      },
      "y": 76,
      "z": 0
    },
    "Alpha": {
      "cost": -1,
      "world": "22ca9075-c92f-4a3b-814f-d717bb7fab00",
      "rotx": 10.200016021728516,
      "rotz": 0,
      "roty": 31.800012588500977,
      "x": 310.91413698584245,
      "description": {
        "text": "Light Skylands"
      },
      "y": 70,
      "z": 227.6763618152599
    },
    "Dev": {
      "cost": -1,
      "world": "23bc2eaf-4af4-43b4-9c1e-0bf7c47b53fb",
      "rotx": 4.680582046508789,
      "rotz": 0,
      "roty": 357.1428527832031,
      "x": 21.5,
      "description": {
        "text": "Development World, Staff Only"
      },
      "y": 3,
      "z": -1131.5
    },
    "loot": {
      "cost": -1,
      "world": "23bc2eaf-4af4-43b4-9c1e-0bf7c47b53fb",
      "rotx": 48.36719512939453,
      "rotz": 0,
      "roty": -266.3219909667969,
      "x": 18.237500011920933,
      "y": 4,
      "z": -1119.5061923807082
    },
    "Nether": {
      "cost": 500,
      "world": "b679bbaa-cb96-4700-bf26-a3f8c67f2548",
      "rotx": 1.9499932527542114,
      "rotz": 0,
      "roty": -35.849998474121094,
      "x": -451.5,
      "y": 36,
      "z": 2144.5
    },
    "Earth": {
      "cost": -1,
      "world": "33f79f31-5e07-4b27-ad4d-33894bc3036f",
      "rotx": 11.549999237060547,
      "rotz": 0,
      "roty": -0.9000117778778076,
      "x": 3.79097318662986,
      "y": 56.27509713838195,
      "z": -367.4908554689849
    },
    "Eden": {
      "cost": -1,
      "world": "6396e8c2-bc76-4d26-a4d3-46df5a35c1d8",
      "rotx": 0.299964040517807,
      "rotz": 0,
      "roty": 262.7531433105469,
      "x": -249.69669014411033,
      "y": 199.0873451810707,
      "z": -578.427702448307
    },
    "PVP": {
      "cost": -1,
      "world": "13aa1363-8bca-49f7-9aaa-31d29c5f74d8",
      "rotx": 17.500835418701172,
      "rotz": 0,
      "roty": -308.187255859375,
      "x": 1126.24799629166,
      "y": 112,
      "z": 173.98601382088492
    }
  },
  "firstspawn": {
    "world": "cc59a2ae-54f2-4060-8608-7eb7e5f34754",
    "rotx": 12.450027465820312,
    "rotz": 0,
    "roty": -0.5999013781547546,
    "x": 9.5,
    "y": 95.68844732615659,
    "z": -116.5
  }
}
