{
  "warps": {
    "Dungeon": {
      "cost": -1.0,
      "world": "aa4164a7-96d4-42cc-aa51-0d1a0178d400",
      "rotx": 1.507582426071167,
      "rotz": 0.0,
      "roty": 179.37387084960938,
      "x": -89.49715844122666,
      "description": {
        "text": "Market Trial Dugeon, Get your Market Access Here"
      },
      "y": 4.0,
      "z": -995.3679855679476
    },
    "Spawn": {
      "cost": 0.0,
      "world": "cc59a2ae-54f2-4060-8608-7eb7e5f34754",
      "rotx": 13.289759635925293,
      "rotz": 0.0,
      "roty": -89.91020202636719,
      "x": 9.5535605871551,
      "description": {
        "text": "Main Spawn Location for all Players"
      },
      "y": 92.0,
      "z": -116.47825864050981
    },
    "Delta": {
      "cost": -1.0,
      "world": "881663d7-fc21-46f3-a96f-7aa2e3b8d63c",
      "rotx": 0.0,
      "rotz": 0.0,
      "roty": 0.0,
      "x": 0.0,
      "description": {
        "text": "Dark Skylands"
      },
      "y": 76.0,
      "z": 0.0
    },
    "Alpha": {
      "cost": -1.0,
      "world": "22ca9075-c92f-4a3b-814f-d717bb7fab00",
      "rotx": 10.200016021728516,
      "rotz": 0.0,
      "roty": 31.800012588500977,
      "x": 310.91413698584245,
      "description": {
        "text": "Light Skylands"
      },
      "y": 70.0,
      "z": 227.6763618152599
    },
    "Dev": {
      "cost": -1.0,
      "world": "23bc2eaf-4af4-43b4-9c1e-0bf7c47b53fb",
      "rotx": 4.680582046508789,
      "rotz": 0.0,
      "roty": 357.1428527832031,
      "x": 21.5,
      "description": {
        "text": "Development World, Staff Only"
      },
      "y": 3.0,
      "z": -1131.5
    },
    "loot": {
      "cost": -1.0,
      "world": "23bc2eaf-4af4-43b4-9c1e-0bf7c47b53fb",
      "rotx": 48.36719512939453,
      "rotz": 0.0,
      "roty": -266.3219909667969,
      "x": 18.237500011920933,
      "y": 4.0,
      "z": -1119.5061923807082
    },
    "Nether": {
      "cost": 500.0,
      "world": "b679bbaa-cb96-4700-bf26-a3f8c67f2548",
      "rotx": 1.9499932527542114,
      "rotz": 0.0,
      "roty": -35.849998474121094,
      "x": -451.5,
      "y": 36.0,
      "z": 2144.5
    },
    "Earth": {
      "cost": -1.0,
      "world": "33f79f31-5e07-4b27-ad4d-33894bc3036f",
      "rotx": 11.549999237060547,
      "rotz": 0.0,
      "roty": -0.9000117778778076,
      "x": 3.79097318662986,
      "y": 56.27509713838195,
      "z": -367.4908554689849
    },
    "Eden": {
      "cost": -1.0,
      "world": "6396e8c2-bc76-4d26-a4d3-46df5a35c1d8",
      "rotx": 0.299964040517807,
      "rotz": 0.0,
      "roty": 262.7531433105469,
      "x": -249.69669014411033,
      "y": 199.0873451810707,
      "z": -578.427702448307
    },
    "PVP": {
      "cost": -1.0,
      "world": "13aa1363-8bca-49f7-9aaa-31d29c5f74d8",
      "rotx": 17.500835418701172,
      "rotz": 0.0,
      "roty": -308.187255859375,
      "x": 1126.24799629166,
      "y": 112.0,
      "z": 173.98601382088492
    },
    "oops": {
      "cost": -1.0,
      "world": "33f79f31-5e07-4b27-ad4d-33894bc3036f",
      "rotx": 17.50078773498535,
      "rotz": 0.0,
      "roty": -17.450719833374023,
      "x": -1785.4597624270286,
      "y": 57.559928879936464,
      "z": -1342.828765637251
    },
    "incredibleearth": {
      "cost": -1.0,
      "world": "33f79f31-5e07-4b27-ad4d-33894bc3036f",
      "rotx": 35.932823181152344,
      "rotz": 0.0,
      "roty": -129.88607788085938,
      "x": 768.7264794691137,
      "y": 83.23335647430214,
      "z": 759.6803523910413
    },
    "remove": {
      "cost": -1.0,
      "world": "23bc2eaf-4af4-43b4-9c1e-0bf7c47b53fb",
      "rotx": 21.18727684020996,
      "rotz": 0.0,
      "roty": 262.5750732421875,
      "x": -21.549659275459508,
      "y": 4.0,
      "z": -1073.9764025888999
    },
    "Mines": {
      "cost": -1.0,
      "world": "d020ab59-b730-42e5-b3d5-4b5bba452ffd",
      "rotx": 88.77119445800781,
      "rotz": 0.0,
      "roty": 269.72149658203125,
      "x": -25.391008540321803,
      "y": 8.0,
      "z": 5.472443232472489
    },
    "template": {
      "cost": -1.0,
      "world": "80c2705a-05e1-4c30-9e04-c0f250d9b69e",
      "rotx": 90.0,
      "rotz": 0.0,
      "roty": 180.01901245117188,
      "x": -372.4513588554395,
      "y": 24.0,
      "z": 1518.3766897880823
    },
    "shop": {
      "cost": -1.0,
      "world": "cc59a2ae-54f2-4060-8608-7eb7e5f34754",
      "rotx": 4.598381042480469,
      "rotz": 0.0,
      "roty": 269.96002197265625,
      "x": 37.003709003965184,
      "y": 93.0,
      "z": -163.35734985843925
    },
    "keys": {
      "cost": -1.0,
      "world": "cc59a2ae-54f2-4060-8608-7eb7e5f34754",
      "rotx": 1.5262998342514038,
      "rotz": 0.0,
      "roty": -359.6112976074219,
      "x": 44.43537325089151,
      "y": 92.0,
      "z": -134.88732669222023
    },
    "END": {
      "cost": -1.0,
      "world": "1307323c-e566-4da7-b7bc-5c19aa41c36e",
      "rotx": 26.699966430664062,
      "rotz": 0.0,
      "roty": -153.30018615722656,
      "x": -30.581629051836604,
      "y": 103.0,
      "z": 20.328660869294456
    }
  },
  "firstspawn": {
    "world": "cc59a2ae-54f2-4060-8608-7eb7e5f34754",
    "rotx": 12.450027465820312,
    "rotz": 0,
    "roty": -0.5999013781547546,
    "x": 9.5,
    "y": 95.68844732615659,
    "z": -116.5
  },
  "jails": {},
  "warpCategories": {}
}
