{
  "warps": {
    "Earth": {
      "cost": -1.0,
      "world": "7dda030f-b57a-4816-a1a2-75448429d419",
      "rotx": 4.350001811981201,
      "rotz": 0.0,
      "roty": -167.0999755859375,
      "x": 152.7397848478362,
      "y": 78.0,
      "z": 120.13687057882049
    },
    "Eden": {
      "cost": -1.0,
      "world": "c1b90f49-6e8b-4b50-9237-e9b674c4c5a8",
      "rotx": -2.8499789237976074,
      "rotz": 0.0,
      "roty": -180.90081787109375,
      "x": 218.5,
      "y": 83.0,
      "z": 737.5
    },
    "Dev": {
      "cost": -1.0,
      "world": "97584ccc-d61d-42d7-8b11-1d68ceb81bb3",
      "rotx": 12.750070571899414,
      "rotz": 0.0,
      "roty": 191.40243530273438,
      "x": 1903.5,
      "y": 4.0,
      "z": 606.5
    },
    "edenspawn": {
      "cost": -1.0,
      "world": "b3b85cea-b9c5-4a23-a8d7-838d3b629a57",
      "rotx": 22.114181518554688,
      "rotz": 0.0,
      "roty": 22.04833984375,
      "x": -945.4897466986534,
      "y": 70.0,
      "z": 1516.067689054354
    },
    "incredible": {
      "cost": -1.0,
      "world": "852d4fca-c35d-40f4-862f-d60bb00ad53c",
      "rotx": 35.60675811767578,
      "rotz": 0.0,
      "roty": -323.697265625,
      "x": 801.0438859668,
      "y": 85.08113425722097,
      "z": 812.0283522748643
    },
    "Omega": {
      "cost": -1.0,
      "world": "729b545e-fc25-4c54-b997-73655a520a24",
      "rotx": 20.549968719482422,
      "rotz": 0.0,
      "roty": 85.94986724853516,
      "x": 18.904755894716136,
      "y": 91.0,
      "z": 172.33715103040203
    }
  },
  "firstspawn": {
    "world": "7dfbad7a-abcf-498d-8cf6-37f2d3ef4655",
    "rotx": -11.250157356262207,
    "rotz": 0,
    "roty": -64.2012939453125,
    "x": 1161.403345019037,
    "y": 72,
    "z": -2554.048560764543
  },
  "jails": {},
  "warpCategories": {}
}
